time_s,throttle,brake
0.00000000,0.0,1.0
20.10000000,0.75,0.0
96.70000000,0.0,0.0
112.60000000,0.0,0.45
116.15000000,0.0,0.0
116.25000000,0.0,0.45
117.80000000,0.0,0.0
118.70000000,0.0,0.45
120.40000000,0.0,0.0
121.45000000,0.0,0.45
123.35000000,0.0,0.0
124.45000000,0.0,0.45
126.70000000,0.0,0.0
127.60000000,0.0,0.45
129.85000000,0.0,0.0
130.75000000,0.0,0.45
133.10000000,0.0,0.0
133.85000000,0.0,0.45
136.10000000,0.0,0.0
136.95000000,0.0,0.45
139.15000000,0.0,0.0
140.00000000,0.0,0.45
142.20000000,0.0,0.0
143.10000000,0.0,0.45
145.35000000,0.0,0.0
146.20000000,0.0,0.45
148.35000000,0.0,0.0
149.15000000,0.0,0.45
151.15000000,0.0,0.0
151.95000000,0.0,0.45
153.95000000,0.0,0.0
154.75000000,0.0,0.45
156.75000000,0.0,0.0
157.50000000,0.0,0.45
159.30000000,0.0,0.0
160.00000000,0.0,0.45
161.65000000,0.0,0.0
162.40000000,0.0,0.45
164.65000000,0.0,0.0
165.10000000,0.0,0.45
167.70000000,0.0,0.0
167.85000000,0.0,0.45
170.95000000,0.0,0.0
171.00000000,0.0,0.45
175.15000000,0.0,0.0
175.25000000,0.0,0.45
180.70000000,0.0,0.0
180.80000000,0.0,0.45
187.65000000,0.0,0.0
187.75000000,0.0,0.45
194.90000000,0.0,0.0
195.00000000,0.0,0.45
202.15000000,0.0,0.0
202.20000000,0.0,0.45
209.25000000,0.0,0.0
209.30000000,0.0,0.45
216.15000000,0.0,0.0
216.20000000,0.0,0.45
223.00000000,0.0,0.0
223.10000000,0.0,0.45
228.20000000,0.0,0.0
228.40000000,0.0,0.45
231.05000000,0.0,0.0
242.70000000,0.75,0.0
257.00000000,0.0,0.0
257.05000000,0.75,0.0
257.10000000,0.0,0.0
257.15000000,0.75,0.0
257.25000000,0.0,0.0
257.30000000,0.75,0.0
257.40000000,0.0,0.0
257.45000000,0.75,0.0
257.55000000,0.0,0.0
257.60000000,0.75,0.0
257.70000000,0.0,0.0
257.75000000,0.75,0.0
257.85000000,0.0,0.0
257.90000000,0.75,0.0
258.00000000,0.0,0.0
258.05000000,0.75,0.0
258.15000000,0.0,0.0
258.20000000,0.75,0.0
258.35000000,0.0,0.0
258.40000000,0.75,0.0
258.50000000,0.0,0.0
258.55000000,0.75,0.0
258.65000000,0.0,0.0
258.70000000,0.75,0.0
258.80000000,0.0,0.0
258.85000000,0.75,0.0
259.00000000,0.0,0.0
259.05000000,0.75,0.0
259.15000000,0.0,0.0
259.20000000,0.75,0.0
259.35000000,0.0,0.0
259.40000000,0.75,0.0
259.50000000,0.0,0.0
259.55000000,0.75,0.0
259.70000000,0.0,0.0
259.75000000,0.75,0.0
259.85000000,0.0,0.0
259.90000000,0.75,0.0
260.05000000,0.0,0.0
260.10000000,0.75,0.0
260.25000000,0.0,0.0
260.30000000,0.75,0.0
260.45000000,0.0,0.0
260.50000000,0.75,0.0
260.60000000,0.0,0.0
260.65000000,0.75,0.0
260.80000000,0.0,0.0
260.85000000,0.75,0.0
260.90000000,0.0,0.0
264.25000000,0.0,0.45
272.50000000,0.0,0.0
272.60000000,0.0,0.45
279.40000000,0.0,0.0
279.45000000,0.0,0.45
286.05000000,0.0,0.0
286.10000000,0.0,0.45
292.45000000,0.0,0.0
292.50000000,0.0,0.45
299.25000000,0.0,0.0
299.30000000,0.0,0.45
306.50000000,0.0,0.0
306.60000000,0.0,0.45
313.95000000,0.0,0.0
314.05000000,0.0,0.45
321.25000000,0.0,0.0
321.30000000,0.0,0.45
327.10000000,0.0,1.0
328.65000000,0.0,0.0
328.95000000,0.0,1.0
420.10000000,0.75,0.0
500.00000000,0.0,0.0
500.20000000,0.75,0.0
500.25000000,0.0,0.0
500.55000000,0.75,0.0
500.60000000,0.0,0.0
500.95000000,0.75,0.0
501.00000000,0.0,0.0
501.25000000,0.75,0.0
501.30000000,0.0,0.0
501.60000000,0.75,0.0
501.65000000,0.0,0.0
501.90000000,0.75,0.0
501.95000000,0.0,0.0
502.15000000,0.75,0.0
502.20000000,0.0,0.0
502.40000000,0.75,0.0
502.45000000,0.0,0.0
502.65000000,0.75,0.0
502.70000000,0.0,0.0
502.90000000,0.75,0.0
502.95000000,0.0,0.0
503.15000000,0.75,0.0
503.20000000,0.0,0.0
503.35000000,0.75,0.0
503.40000000,0.0,0.0
503.55000000,0.75,0.0
503.60000000,0.0,0.0
503.75000000,0.75,0.0
503.80000000,0.0,0.0
503.95000000,0.75,0.0
504.00000000,0.0,0.0
504.15000000,0.75,0.0
504.20000000,0.0,0.0
504.35000000,0.75,0.0
504.40000000,0.0,0.0
504.50000000,0.75,0.0
504.55000000,0.0,0.0
504.65000000,0.75,0.0
504.70000000,0.0,0.0
504.85000000,0.75,0.0
504.90000000,0.0,0.0
505.00000000,0.75,0.0
505.05000000,0.0,0.0
505.15000000,0.75,0.0
505.20000000,0.0,0.0
505.30000000,0.75,0.0
505.35000000,0.0,0.0
505.45000000,0.75,0.0
505.50000000,0.0,0.0
505.60000000,0.75,0.0
505.65000000,0.0,0.0
505.75000000,0.75,0.0
505.80000000,0.0,0.0
505.90000000,0.75,0.0
505.95000000,0.0,0.0
506.05000000,0.75,0.0
506.10000000,0.0,0.0
506.20000000,0.75,0.0
506.25000000,0.0,0.0
506.30000000,0.75,0.0
506.35000000,0.0,0.0
506.45000000,0.75,0.0
506.50000000,0.0,0.0
506.60000000,0.75,0.0
506.70000000,0.0,0.0
506.85000000,0.75,0.0
506.90000000,0.0,0.0
506.95000000,0.75,0.0
507.00000000,0.0,0.0
507.10000000,0.75,0.0
507.20000000,0.0,0.0
507.35000000,0.75,0.0
507.45000000,0.0,0.0
507.55000000,0.75,0.0
507.60000000,0.0,0.0
507.70000000,0.75,0.0
507.80000000,0.0,0.0
507.95000000,0.75,0.0
508.05000000,0.0,0.0
508.15000000,0.75,0.0
508.20000000,0.0,0.0
508.25000000,0.75,0.0
508.30000000,0.0,0.0
508.40000000,0.75,0.0
508.50000000,0.0,0.0
508.60000000,0.75,0.0
508.65000000,0.0,0.0
508.70000000,0.75,0.0
508.75000000,0.0,0.0
508.85000000,0.75,0.0
508.95000000,0.0,0.0
509.05000000,0.75,0.0
509.10000000,0.0,0.0
509.15000000,0.75,0.0
509.20000000,0.0,0.0
509.25000000,0.75,0.0
509.30000000,0.0,0.0
509.40000000,0.75,0.0
509.50000000,0.0,0.0
509.60000000,0.75,0.0
509.70000000,0.0,0.0
509.80000000,0.75,0.0
509.85000000,0.0,0.0
509.90000000,0.75,0.0
509.95000000,0.0,0.0
510.00000000,0.75,0.0
510.05000000,0.0,0.0
510.15000000,0.75,0.0
510.25000000,0.0,0.0
510.35000000,0.75,0.0
510.40000000,0.0,0.0
510.45000000,0.75,0.0
510.50000000,0.0,0.0
510.55000000,0.75,0.0
510.60000000,0.0,0.0
510.65000000,0.75,0.0
510.70000000,0.0,0.0
510.80000000,0.75,0.0
510.90000000,0.0,0.0
511.00000000,0.75,0.0
511.10000000,0.0,0.0
511.20000000,0.75,0.0
511.25000000,0.0,0.0
511.30000000,0.75,0.0
511.35000000,0.0,0.0
511.40000000,0.75,0.0
511.45000000,0.0,0.0
511.50000000,0.75,0.0
511.55000000,0.0,0.0
511.65000000,0.75,0.0
511.75000000,0.0,0.0
511.85000000,0.75,0.0
511.95000000,0.0,0.0
512.05000000,0.75,0.0
512.15000000,0.0,0.0
512.25000000,0.75,0.0
512.30000000,0.0,0.0
512.35000000,0.75,0.0
512.40000000,0.0,0.0
512.45000000,0.75,0.0
512.50000000,0.0,0.0
512.55000000,0.75,0.0
512.60000000,0.0,0.0
512.65000000,0.75,0.0
512.70000000,0.0,0.0
512.80000000,0.75,0.0
512.90000000,0.0,0.0
513.00000000,0.75,0.0
513.10000000,0.0,0.0
513.20000000,0.75,0.0
513.30000000,0.0,0.0
513.40000000,0.75,0.0
513.45000000,0.0,0.0
513.50000000,0.75,0.0
513.60000000,0.0,0.0
513.70000000,0.75,0.0
513.75000000,0.0,0.0
513.80000000,0.75,0.0
513.85000000,0.0,0.0
513.90000000,0.75,0.0
513.95000000,0.0,0.0
514.05000000,0.75,0.0
514.15000000,0.0,0.0
514.25000000,0.75,0.0
514.35000000,0.0,0.0
514.45000000,0.75,0.0
514.55000000,0.0,0.0
514.65000000,0.75,0.0
514.75000000,0.0,0.0
514.85000000,0.75,0.0
514.95000000,0.0,0.0
515.05000000,0.75,0.0
515.10000000,0.0,0.0
515.15000000,0.75,0.0
515.20000000,0.0,0.0
515.25000000,0.75,0.0
515.30000000,0.0,0.0
515.35000000,0.75,0.0
515.40000000,0.0,0.0
515.45000000,0.75,0.0
515.50000000,0.0,0.0
515.55000000,0.75,0.0
515.60000000,0.0,0.0
515.70000000,0.75,0.0
515.80000000,0.0,0.0
515.90000000,0.75,0.0
516.00000000,0.0,0.0
516.10000000,0.75,0.0
516.20000000,0.0,0.0
516.30000000,0.75,0.0
516.40000000,0.0,0.0
516.50000000,0.75,0.0
516.60000000,0.0,0.0
516.70000000,0.75,0.0
516.80000000,0.0,0.0
516.90000000,0.75,0.0
516.95000000,0.0,0.0
517.00000000,0.75,0.0
517.05000000,0.0,0.0
517.10000000,0.75,0.0
517.15000000,0.0,0.0
517.20000000,0.75,0.0
517.25000000,0.0,0.0
517.30000000,0.75,0.0
517.35000000,0.0,0.0
517.40000000,0.75,0.0
517.45000000,0.0,0.0
517.55000000,0.75,0.0
517.65000000,0.0,0.0
517.75000000,0.75,0.0
517.85000000,0.0,0.0
517.95000000,0.75,0.0
518.05000000,0.0,0.0
518.15000000,0.75,0.0
518.25000000,0.0,0.0
518.35000000,0.75,0.0
518.45000000,0.0,0.0
518.55000000,0.75,0.0
518.65000000,0.0,0.0
518.75000000,0.75,0.0
518.80000000,0.0,0.0
518.85000000,0.75,0.0
518.95000000,0.0,0.0
519.05000000,0.75,0.0
519.15000000,0.0,0.0
519.25000000,0.75,0.0
519.35000000,0.0,0.0
519.40000000,0.75,0.0
519.45000000,0.0,0.0
519.50000000,0.75,0.0
519.55000000,0.0,0.0
519.60000000,0.75,0.0
519.70000000,0.0,0.0
519.80000000,0.75,0.0
519.95000000,0.0,0.0
520.05000000,0.75,0.0
520.15000000,0.0,0.0
520.25000000,0.75,0.0
520.35000000,0.0,0.0
520.40000000,0.75,0.0
520.50000000,0.0,0.0
520.60000000,0.75,0.0
520.70000000,0.0,0.0
520.75000000,0.75,0.0
520.85000000,0.0,0.0
520.95000000,0.75,0.0
521.10000000,0.0,0.0
521.20000000,0.75,0.0
521.30000000,0.0,0.0
521.35000000,0.75,0.0
521.45000000,0.0,0.0
521.50000000,0.75,0.0
521.55000000,0.0,0.0
521.60000000,0.75,0.0
521.70000000,0.0,0.0
521.80000000,0.75,0.0
521.95000000,0.0,0.0
522.05000000,0.75,0.0
522.20000000,0.0,0.0
522.30000000,0.75,0.0
522.45000000,0.0,0.0
522.55000000,0.75,0.0
522.70000000,0.0,0.0
522.80000000,0.75,0.0
522.95000000,0.0,0.0
523.05000000,0.75,0.0
523.20000000,0.0,0.0
523.25000000,0.75,0.0
523.30000000,0.0,0.0
523.35000000,0.75,0.0
523.45000000,0.0,0.0
523.50000000,0.75,0.0
523.60000000,0.0,0.0
523.70000000,0.75,0.0
523.85000000,0.0,0.0
523.90000000,0.75,0.0
523.95000000,0.0,0.0
524.00000000,0.75,0.0
524.10000000,0.0,0.0
524.15000000,0.75,0.0
524.20000000,0.0,0.0
524.25000000,0.75,0.0
524.35000000,0.0,0.0
524.40000000,0.75,0.0
524.50000000,0.0,0.0
524.55000000,0.75,0.0
524.65000000,0.0,0.0
524.75000000,0.75,0.0
524.90000000,0.0,0.0
524.95000000,0.75,0.0
525.05000000,0.0,0.0
525.10000000,0.75,0.0
525.20000000,0.0,0.0
525.30000000,0.75,0.0
525.45000000,0.0,0.0
525.50000000,0.75,0.0
525.60000000,0.0,0.0
525.65000000,0.75,0.0
525.75000000,0.0,0.0
525.80000000,0.75,0.0
525.90000000,0.0,0.0
525.95000000,0.75,0.0
526.05000000,0.0,0.0
526.10000000,0.75,0.0
526.20000000,0.0,0.0
526.25000000,0.75,0.0
526.35000000,0.0,0.0
526.40000000,0.75,0.0
526.45000000,0.0,0.0
526.50000000,0.75,0.0
526.60000000,0.0,0.0
526.65000000,0.75,0.0
526.75000000,0.0,0.0
526.80000000,0.75,0.0
526.90000000,0.0,0.0
526.95000000,0.75,0.0
527.05000000,0.0,0.0
527.10000000,0.75,0.0
527.25000000,0.0,0.0
527.30000000,0.75,0.0
527.40000000,0.0,0.0
527.45000000,0.75,0.0
527.55000000,0.0,0.0
527.60000000,0.75,0.0
527.70000000,0.0,0.0
527.75000000,0.75,0.0
527.85000000,0.0,0.0
527.90000000,0.75,0.0
528.00000000,0.0,0.0
528.05000000,0.75,0.0
528.15000000,0.0,0.0
528.20000000,0.75,0.0
528.35000000,0.0,0.0
528.40000000,0.75,0.0
528.50000000,0.0,0.0
528.55000000,0.75,0.0
528.65000000,0.0,0.0
528.70000000,0.75,0.0
528.85000000,0.0,0.0
528.90000000,0.75,0.0
529.00000000,0.0,0.0
529.05000000,0.75,0.0
529.20000000,0.0,0.0
529.25000000,0.75,0.0
529.35000000,0.0,0.0
529.40000000,0.75,0.0
529.50000000,0.0,0.0
529.55000000,0.75,0.0
529.70000000,0.0,0.0
529.75000000,0.75,0.0
529.85000000,0.0,0.0
529.90000000,0.75,0.0
530.00000000,0.0,0.0
530.05000000,0.75,0.0
530.15000000,0.0,0.0
530.20000000,0.75,0.0
530.30000000,0.0,0.0
530.35000000,0.75,0.0
530.45000000,0.0,0.0
530.50000000,0.75,0.0
530.65000000,0.0,0.0
530.70000000,0.75,0.0
530.80000000,0.0,0.0
530.85000000,0.75,0.0
530.95000000,0.0,0.0
531.00000000,0.75,0.0
531.10000000,0.0,0.0
531.15000000,0.75,0.0
531.25000000,0.0,0.0
531.30000000,0.75,0.0
531.40000000,0.0,0.0
531.45000000,0.75,0.0
531.55000000,0.0,0.0
531.60000000,0.75,0.0
531.70000000,0.0,0.0
531.75000000,0.75,0.0
531.80000000,0.0,0.0
531.85000000,0.75,0.0
531.95000000,0.0,0.0
532.00000000,0.75,0.0
532.10000000,0.0,0.0
532.20000000,0.75,0.0
532.35000000,0.0,0.0
532.40000000,0.75,0.0
532.45000000,0.0,0.0
532.50000000,0.75,0.0
532.60000000,0.0,0.0
532.65000000,0.75,0.0
532.75000000,0.0,0.0
532.85000000,0.75,0.0
533.00000000,0.0,0.0
533.10000000,0.75,0.0
533.20000000,0.0,0.0
533.25000000,0.75,0.0
533.35000000,0.0,0.0
533.40000000,0.75,0.0
533.45000000,0.0,0.0
533.50000000,0.75,0.0
533.60000000,0.0,0.0
533.70000000,0.75,0.0
533.80000000,0.0,0.0
533.85000000,0.75,0.0
533.95000000,0.0,0.0
534.05000000,0.75,0.0
534.20000000,0.0,0.0
534.30000000,0.75,0.0
534.40000000,0.0,0.0
534.45000000,0.75,0.0
534.50000000,0.0,0.0
534.55000000,0.75,0.0
534.65000000,0.0,0.0
534.75000000,0.75,0.0
534.85000000,0.0,0.0
534.90000000,0.75,0.0
535.00000000,0.0,0.0
535.10000000,0.75,0.0
535.20000000,0.0,0.0
535.25000000,0.75,0.0
535.35000000,0.0,0.0
535.40000000,0.75,0.0
535.45000000,0.0,0.0
535.50000000,0.75,0.0
535.60000000,0.0,0.0
535.70000000,0.75,0.0
535.80000000,0.0,0.0
535.85000000,0.75,0.0
535.95000000,0.0,0.0
536.05000000,0.75,0.0
536.15000000,0.0,0.0
536.20000000,0.75,0.0
536.30000000,0.0,0.0
536.40000000,0.75,0.0
536.55000000,0.0,0.0
536.65000000,0.75,0.0
536.75000000,0.0,0.0
536.80000000,0.75,0.0
536.90000000,0.0,0.0
537.00000000,0.75,0.0
537.10000000,0.0,0.0
537.15000000,0.75,0.0
537.25000000,0.0,0.0
537.35000000,0.75,0.0
537.45000000,0.0,0.0
537.50000000,0.75,0.0
537.60000000,0.0,0.0
537.70000000,0.75,0.0
537.80000000,0.0,0.0
537.85000000,0.75,0.0
537.95000000,0.0,0.0
538.05000000,0.75,0.0
538.15000000,0.0,0.0
538.20000000,0.75,0.0
538.30000000,0.0,0.0
538.40000000,0.75,0.0
538.50000000,0.0,0.0
538.55000000,0.75,0.0
538.65000000,0.0,0.0
538.75000000,0.75,0.0
538.85000000,0.0,0.0
538.90000000,0.75,0.0
538.95000000,0.0,0.0
539.00000000,0.75,0.0
539.10000000,0.0,0.0
539.20000000,0.75,0.0
539.35000000,0.0,0.0
539.45000000,0.75,0.0
539.55000000,0.0,0.0
539.60000000,0.75,0.0
539.65000000,0.0,0.0
539.70000000,0.75,0.0
539.80000000,0.0,0.0
539.90000000,0.75,0.0
540.00000000,0.0,0.0
540.05000000,0.75,0.0
540.10000000,0.0,0.0
540.15000000,0.75,0.0
540.25000000,0.0,0.0
540.35000000,0.75,0.0
540.45000000,0.0,0.0
540.50000000,0.75,0.0
540.60000000,0.0,0.0
540.70000000,0.75,0.0
540.80000000,0.0,0.0
540.85000000,0.75,0.0
540.90000000,0.0,0.0
540.95000000,0.75,0.0
541.05000000,0.0,0.0
541.15000000,0.75,0.0
541.25000000,0.0,0.0
541.30000000,0.75,0.0
541.35000000,0.0,0.0
541.40000000,0.75,0.0
541.45000000,0.0,0.0
541.50000000,0.75,0.0
541.60000000,0.0,0.0
541.70000000,0.75,0.0
541.80000000,0.0,0.0
541.85000000,0.75,0.0
541.90000000,0.0,0.0
541.95000000,0.75,0.0
542.05000000,0.0,0.0
542.15000000,0.75,0.0
542.25000000,0.0,0.0
542.30000000,0.75,0.0
542.35000000,0.0,0.0
542.40000000,0.75,0.0
542.50000000,0.0,0.0
542.60000000,0.75,0.0
542.75000000,0.0,0.0
542.85000000,0.75,0.0
543.00000000,0.0,0.0
543.10000000,0.75,0.0
543.25000000,0.0,0.0
543.30000000,0.75,0.0
543.35000000,0.0,0.0
543.40000000,0.75,0.0
543.50000000,0.0,0.0
543.55000000,0.75,0.0
543.65000000,0.0,0.0
543.75000000,0.75,0.0
543.90000000,0.0,0.0
543.95000000,0.75,0.0
544.05000000,0.0,0.0
544.10000000,0.75,0.0
544.15000000,0.0,0.0
544.20000000,0.75,0.0
544.30000000,0.0,0.0
544.35000000,0.75,0.0
544.40000000,0.0,0.0
544.45000000,0.75,0.0
544.55000000,0.0,0.0
544.60000000,0.75,0.0
544.70000000,0.0,0.0
544.75000000,0.75,0.0
544.80000000,0.0,0.0
544.85000000,0.75,0.0
544.95000000,0.0,0.0
545.00000000,0.75,0.0
545.05000000,0.0,0.0
545.10000000,0.75,0.0
545.20000000,0.0,0.0
545.30000000,0.75,0.0
545.45000000,0.0,0.0
545.55000000,0.75,0.0
545.70000000,0.0,0.0
545.80000000,0.75,0.0
545.90000000,0.0,0.0
545.95000000,0.75,0.0
546.05000000,0.0,0.0
546.15000000,0.75,0.0
546.25000000,0.0,0.0
546.30000000,0.75,0.0
546.35000000,0.0,0.0
546.40000000,0.75,0.0
546.50000000,0.0,0.0
546.60000000,0.75,0.0
546.70000000,0.0,0.0
546.75000000,0.75,0.0
546.85000000,0.0,0.0
546.95000000,0.75,0.0
547.05000000,0.0,0.0
547.10000000,0.75,0.0
547.15000000,0.0,0.0
547.20000000,0.75,0.0
547.30000000,0.0,0.0
547.40000000,0.75,0.0
547.50000000,0.0,0.0
547.60000000,0.75,0.0
547.70000000,0.0,0.0
547.75000000,0.75,0.0
547.80000000,0.0,0.0
547.85000000,0.75,0.0
547.95000000,0.0,0.0
548.05000000,0.75,0.0
548.15000000,0.0,0.0
548.25000000,0.75,0.0
548.35000000,0.0,0.0
548.40000000,0.75,0.0
548.45000000,0.0,0.0
548.50000000,0.75,0.0
548.55000000,0.0,0.0
548.60000000,0.75,0.0
548.65000000,0.0,0.0
548.70000000,0.75,0.0
548.75000000,0.0,0.0
548.80000000,0.75,0.0
548.90000000,0.0,0.0
549.00000000,0.75,0.0
549.10000000,0.0,0.0
549.20000000,0.75,0.0
549.30000000,0.0,0.0
549.40000000,0.75,0.0
549.50000000,0.0,0.0
549.60000000,0.75,0.0
549.70000000,0.0,0.0
549.80000000,0.75,0.0
549.90000000,0.0,0.0
550.00000000,0.75,0.0
550.10000000,0.0,0.0
550.20000000,0.75,0.0
550.30000000,0.0,0.0
550.40000000,0.75,0.0
550.50000000,0.0,0.0
550.60000000,0.75,0.0
550.70000000,0.0,0.0
550.80000000,0.75,0.0
550.90000000,0.0,0.0
551.00000000,0.75,0.0
551.05000000,0.0,0.0
551.10000000,0.75,0.0
551.15000000,0.0,0.0
551.20000000,0.75,0.0
551.25000000,0.0,0.0
551.30000000,0.75,0.0
551.35000000,0.0,0.0
551.45000000,0.75,0.0
551.55000000,0.0,0.0
551.65000000,0.75,0.0
551.75000000,0.0,0.0
551.85000000,0.75,0.0
551.90000000,0.0,0.0
551.95000000,0.75,0.0
552.00000000,0.0,0.0
552.05000000,0.75,0.0
552.10000000,0.0,0.0
552.15000000,0.75,0.0
552.20000000,0.0,0.0
552.30000000,0.75,0.0
552.40000000,0.0,0.0
552.50000000,0.75,0.0
552.55000000,0.0,0.0
552.60000000,0.75,0.0
552.65000000,0.0,0.0
552.70000000,0.75,0.0
552.75000000,0.0,0.0
552.85000000,0.75,0.0
552.95000000,0.0,0.0
553.05000000,0.75,0.0
553.10000000,0.0,0.0
553.20000000,0.75,0.0
553.30000000,0.0,0.0
553.40000000,0.75,0.0
553.45000000,0.0,0.0
553.55000000,0.75,0.0
553.65000000,0.0,0.0
553.80000000,0.75,0.0
553.90000000,0.0,0.0
554.00000000,0.75,0.0
554.05000000,0.0,0.0
554.15000000,0.75,0.0
554.20000000,0.0,0.0
554.25000000,0.75,0.0
554.30000000,0.0,0.0
554.40000000,0.75,0.0
554.45000000,0.0,0.0
554.50000000,0.75,0.0
554.55000000,0.0,0.0
554.65000000,0.75,0.0
554.70000000,0.0,0.0
554.75000000,0.75,0.0
554.80000000,0.0,0.0
554.90000000,0.75,0.0
554.95000000,0.0,0.0
555.00000000,0.75,0.0
555.05000000,0.0,0.0
555.15000000,0.75,0.0
555.25000000,0.0,0.0
555.40000000,0.75,0.0
555.50000000,0.0,0.0
555.60000000,0.75,0.0
555.65000000,0.0,0.0
555.75000000,0.75,0.0
555.85000000,0.0,0.0
556.00000000,0.75,0.0
556.10000000,0.0,0.0
556.20000000,0.75,0.0
556.25000000,0.0,0.0
556.35000000,0.75,0.0
556.45000000,0.0,0.0
556.55000000,0.75,0.0
556.60000000,0.0,0.0
556.70000000,0.75,0.0
556.80000000,0.0,0.0
556.90000000,0.75,0.0
556.95000000,0.0,0.0
557.05000000,0.75,0.0
557.15000000,0.0,0.0
557.25000000,0.75,0.0
557.35000000,0.0,0.0
557.45000000,0.75,0.0
557.55000000,0.0,0.0
557.65000000,0.75,0.0
557.75000000,0.0,0.0
557.85000000,0.75,0.0
557.95000000,0.0,0.0
558.00000000,0.75,0.0
558.05000000,0.0,0.0
558.10000000,0.75,0.0
558.15000000,0.0,0.0
558.20000000,0.75,0.0
558.25000000,0.0,0.0
558.30000000,0.75,0.0
558.40000000,0.0,0.0
558.50000000,0.75,0.0
558.60000000,0.0,0.0
558.70000000,0.75,0.0
558.85000000,0.0,0.0
558.95000000,0.75,0.0
559.05000000,0.0,0.0
559.10000000,0.75,0.0
559.15000000,0.0,0.0
559.20000000,0.75,0.0
559.30000000,0.0,0.0
559.40000000,0.75,0.0
559.50000000,0.0,0.0
559.55000000,0.75,0.0
559.60000000,0.0,0.0
559.65000000,0.75,0.0
559.75000000,0.0,0.0
559.85000000,0.75,0.0
560.00000000,0.0,0.0
560.10000000,0.75,0.0
560.25000000,0.0,0.0
560.35000000,0.75,0.0
560.45000000,0.0,0.0
560.50000000,0.75,0.0
560.60000000,0.0,0.0
560.70000000,0.75,0.0
560.85000000,0.0,0.0
560.95000000,0.75,0.0
561.05000000,0.0,0.0
561.10000000,0.75,0.0
561.20000000,0.0,0.0
561.25000000,0.75,0.0
561.30000000,0.0,0.0
561.35000000,0.75,0.0
561.45000000,0.0,0.0
561.50000000,0.75,0.0
561.60000000,0.0,0.0
561.65000000,0.75,0.0
561.70000000,0.0,0.0
561.75000000,0.75,0.0
561.85000000,0.0,0.0
561.90000000,0.75,0.0
561.95000000,0.0,0.0
562.00000000,0.75,0.0
562.10000000,0.0,0.0
562.15000000,0.75,0.0
562.25000000,0.0,0.0
562.35000000,0.75,0.0
562.50000000,0.0,0.0
562.55000000,0.75,0.0
562.65000000,0.0,0.0
562.70000000,0.75,0.0
562.80000000,0.0,0.0
562.90000000,0.75,0.0
563.05000000,0.0,0.0
563.10000000,0.75,0.0
563.20000000,0.0,0.0
563.25000000,0.75,0.0
563.35000000,0.0,0.0
563.45000000,0.75,0.0
563.60000000,0.0,0.0
563.65000000,0.75,0.0
563.75000000,0.0,0.0
563.80000000,0.75,0.0
563.90000000,0.0,0.0
563.95000000,0.75,0.0
564.05000000,0.0,0.0
564.10000000,0.75,0.0
564.20000000,0.0,0.0
564.25000000,0.75,0.0
564.35000000,0.0,0.0
564.40000000,0.75,0.0
564.50000000,0.0,0.0
564.55000000,0.75,0.0
564.65000000,0.0,0.0
564.70000000,0.75,0.0
564.75000000,0.0,0.0
564.80000000,0.75,0.0
564.90000000,0.0,0.0
564.95000000,0.75,0.0
565.10000000,0.0,0.0
565.15000000,0.75,0.0
565.25000000,0.0,0.0
565.30000000,0.75,0.0
565.40000000,0.0,0.0
565.45000000,0.75,0.0
565.55000000,0.0,0.0
565.60000000,0.75,0.0
565.70000000,0.0,0.0
565.75000000,0.75,0.0
565.85000000,0.0,0.0
565.90000000,0.75,0.0
566.00000000,0.0,0.0
566.05000000,0.75,0.0
566.15000000,0.0,0.0
566.20000000,0.75,0.0
566.35000000,0.0,0.0
566.40000000,0.75,0.0
566.50000000,0.0,0.0
566.55000000,0.75,0.0
566.70000000,0.0,0.0
566.75000000,0.75,0.0
566.85000000,0.0,0.0
566.90000000,0.75,0.0
567.00000000,0.0,0.0
567.05000000,0.75,0.0
567.20000000,0.0,0.0
567.25000000,0.75,0.0
567.35000000,0.0,0.0
567.40000000,0.75,0.0
567.50000000,0.0,0.0
567.55000000,0.75,0.0
567.65000000,0.0,0.0
567.70000000,0.75,0.0
567.85000000,0.0,0.0
567.90000000,0.75,0.0
568.00000000,0.0,0.0
568.05000000,0.75,0.0
568.15000000,0.0,0.0
568.20000000,0.75,0.0
568.30000000,0.0,0.0
568.35000000,0.75,0.0
568.45000000,0.0,0.0
568.50000000,0.75,0.0
568.60000000,0.0,0.0
568.65000000,0.75,0.0
568.75000000,0.0,0.0
568.80000000,0.75,0.0
568.90000000,0.0,0.0
568.95000000,0.75,0.0
569.10000000,0.0,0.0
569.15000000,0.75,0.0
569.20000000,0.0,0.0
569.25000000,0.75,0.0
569.40000000,0.0,0.0
569.45000000,0.75,0.0
569.50000000,0.0,0.0
569.55000000,0.75,0.0
569.65000000,0.0,0.0
569.70000000,0.75,0.0
569.80000000,0.0,0.0
569.85000000,0.75,0.0
569.95000000,0.0,0.0
570.00000000,0.75,0.0
570.10000000,0.0,0.0
570.15000000,0.75,0.0
570.25000000,0.0,0.0
570.30000000,0.75,0.0
570.40000000,0.0,0.0
570.45000000,0.75,0.0
570.55000000,0.0,0.0
570.60000000,0.75,0.0
570.70000000,0.0,0.0
570.75000000,0.75,0.0
570.85000000,0.0,0.0
570.90000000,0.75,0.0
571.00000000,0.0,0.0
571.05000000,0.75,0.0
571.15000000,0.0,0.0
571.20000000,0.75,0.0
571.30000000,0.0,0.0
571.35000000,0.75,0.0
571.45000000,0.0,0.0
571.50000000,0.75,0.0
571.55000000,0.0,0.0
571.60000000,0.75,0.0
571.70000000,0.0,0.0
571.75000000,0.75,0.0
571.85000000,0.0,0.0
571.90000000,0.75,0.0
572.00000000,0.0,0.0
572.05000000,0.75,0.0
572.15000000,0.0,0.0
572.20000000,0.75,0.0
572.30000000,0.0,0.0
572.35000000,0.75,0.0
572.45000000,0.0,0.0
572.50000000,0.75,0.0
572.60000000,0.0,0.0
572.65000000,0.75,0.0
572.70000000,0.0,0.0
572.75000000,0.75,0.0
572.85000000,0.0,0.0
572.90000000,0.75,0.0
573.00000000,0.0,0.0
573.05000000,0.75,0.0
573.15000000,0.0,0.0
573.20000000,0.75,0.0
573.30000000,0.0,0.0
573.35000000,0.75,0.0
573.45000000,0.0,0.0
573.50000000,0.75,0.0
573.55000000,0.0,0.0
573.60000000,0.75,0.0
573.70000000,0.0,0.0
573.75000000,0.75,0.0
573.85000000,0.0,0.0
573.90000000,0.75,0.0
574.00000000,0.0,0.0
574.05000000,0.75,0.0
574.15000000,0.0,0.0
574.20000000,0.75,0.0
574.30000000,0.0,0.0
574.35000000,0.75,0.0
574.40000000,0.0,0.0
574.45000000,0.75,0.0
574.55000000,0.0,0.0
574.60000000,0.75,0.0
574.70000000,0.0,0.0
574.75000000,0.75,0.0
574.85000000,0.0,0.0
574.90000000,0.75,0.0
575.00000000,0.0,0.0
575.05000000,0.75,0.0
575.10000000,0.0,0.0
575.15000000,0.75,0.0
575.25000000,0.0,0.0
575.30000000,0.75,0.0
575.40000000,0.0,0.0
575.45000000,0.75,0.0
575.55000000,0.0,0.0
575.60000000,0.75,0.0
575.70000000,0.0,0.0
575.75000000,0.75,0.0
575.85000000,0.0,0.0
575.90000000,0.75,0.0
575.95000000,0.0,0.0
576.00000000,0.75,0.0
576.10000000,0.0,0.0
576.15000000,0.75,0.0
576.25000000,0.0,0.0
576.30000000,0.75,0.0
576.40000000,0.0,0.0
576.45000000,0.75,0.0
576.55000000,0.0,0.0
576.60000000,0.75,0.0
576.65000000,0.0,0.0
576.70000000,0.75,0.0
576.80000000,0.0,0.0
576.85000000,0.75,0.0
576.95000000,0.0,0.0
577.00000000,0.75,0.0
577.10000000,0.0,0.0
577.15000000,0.75,0.0
577.25000000,0.0,0.0
577.30000000,0.75,0.0
577.35000000,0.0,0.0
577.40000000,0.75,0.0
577.50000000,0.0,0.0
577.55000000,0.75,0.0
577.65000000,0.0,0.0
577.70000000,0.75,0.0
577.80000000,0.0,0.0
577.85000000,0.75,0.0
577.95000000,0.0,0.0
578.00000000,0.75,0.0
578.05000000,0.0,0.0
578.10000000,0.75,0.0
578.20000000,0.0,0.0
578.25000000,0.75,0.0
578.35000000,0.0,0.0
578.40000000,0.75,0.0
578.50000000,0.0,0.0
578.55000000,0.75,0.0
578.65000000,0.0,0.0
578.70000000,0.75,0.0
578.75000000,0.0,0.0
578.80000000,0.75,0.0
578.90000000,0.0,0.0
578.95000000,0.75,0.0
579.05000000,0.0,0.0
579.10000000,0.75,0.0
579.20000000,0.0,0.0
579.25000000,0.75,0.0
579.35000000,0.0,0.0
579.45000000,0.75,0.0
579.60000000,0.0,0.0
579.65000000,0.75,0.0
579.75000000,0.0,0.0
579.80000000,0.75,0.0
579.90000000,0.0,0.0
579.95000000,0.75,0.0
580.05000000,0.0,0.0
580.10000000,0.75,0.0
580.15000000,0.0,0.0
580.20000000,0.75,0.0
580.30000000,0.0,0.0
580.35000000,0.75,0.0
580.45000000,0.0,0.0
580.50000000,0.75,0.0
580.60000000,0.0,0.0
580.65000000,0.75,0.0
580.70000000,0.0,0.0
580.75000000,0.75,0.0
580.85000000,0.0,0.0
580.90000000,0.75,0.0
581.00000000,0.0,0.0
581.05000000,0.75,0.0
581.15000000,0.0,0.0
581.20000000,0.75,0.0
581.30000000,0.0,0.0
581.35000000,0.75,0.0
581.45000000,0.0,0.0
581.55000000,0.75,0.0
581.70000000,0.0,0.0
581.75000000,0.75,0.0
581.85000000,0.0,0.0
581.90000000,0.75,0.0
582.00000000,0.0,0.0
582.05000000,0.75,0.0
582.10000000,0.0,0.0
582.15000000,0.75,0.0
582.25000000,0.0,0.0
582.30000000,0.75,0.0
582.40000000,0.0,0.0
582.45000000,0.75,0.0
582.55000000,0.0,0.0
582.60000000,0.75,0.0
582.70000000,0.0,0.0
582.75000000,0.75,0.0
582.80000000,0.0,0.0
582.85000000,0.75,0.0
582.95000000,0.0,0.0
583.00000000,0.75,0.0
583.10000000,0.0,0.0
583.15000000,0.75,0.0
583.25000000,0.0,0.0
583.30000000,0.75,0.0
583.40000000,0.0,0.0
583.45000000,0.75,0.0
583.50000000,0.0,0.0
583.55000000,0.75,0.0
583.65000000,0.0,0.0
583.70000000,0.75,0.0
583.80000000,0.0,0.0
583.85000000,0.75,0.0
583.95000000,0.0,0.0
584.00000000,0.75,0.0
584.10000000,0.0,0.0
584.15000000,0.75,0.0
584.20000000,0.0,0.0
584.25000000,0.75,0.0
584.35000000,0.0,0.0
584.40000000,0.75,0.0
584.50000000,0.0,0.0
584.55000000,0.75,0.0
584.65000000,0.0,0.0
584.70000000,0.75,0.0
584.75000000,0.0,0.0
584.80000000,0.75,0.0
584.90000000,0.0,0.0
584.95000000,0.75,0.0
585.05000000,0.0,0.0
585.10000000,0.75,0.0
585.20000000,0.0,0.0
585.25000000,0.75,0.0
585.35000000,0.0,0.0
585.40000000,0.75,0.0
585.45000000,0.0,0.0
585.50000000,0.75,0.0
585.60000000,0.0,0.0
585.65000000,0.75,0.0
585.75000000,0.0,0.0
585.80000000,0.75,0.0
585.90000000,0.0,0.0
585.95000000,0.75,0.0
586.05000000,0.0,0.0
586.10000000,0.75,0.0
586.15000000,0.0,0.0
586.20000000,0.75,0.0
586.30000000,0.0,0.0
586.35000000,0.75,0.0
586.45000000,0.0,0.0
586.50000000,0.75,0.0
586.60000000,0.0,0.0
586.65000000,0.75,0.0
586.75000000,0.0,0.0
586.80000000,0.75,0.0
586.85000000,0.0,0.0
586.90000000,0.75,0.0
587.00000000,0.0,0.0
587.05000000,0.75,0.0
587.15000000,0.0,0.0
587.20000000,0.75,0.0
587.30000000,0.0,0.0
587.35000000,0.75,0.0
587.45000000,0.0,0.0
587.50000000,0.75,0.0
587.55000000,0.0,0.0
587.60000000,0.75,0.0
587.70000000,0.0,0.0
587.75000000,0.75,0.0
587.85000000,0.0,0.0
587.90000000,0.75,0.0
588.00000000,0.0,0.0
588.05000000,0.75,0.0
588.15000000,0.0,0.0
588.20000000,0.75,0.0
588.25000000,0.0,0.0
588.30000000,0.75,0.0
588.40000000,0.0,0.0
588.45000000,0.75,0.0
588.55000000,0.0,0.0
588.60000000,0.75,0.0
588.70000000,0.0,0.0
588.75000000,0.75,0.0
588.85000000,0.0,0.0
588.95000000,0.75,0.0
589.10000000,0.0,0.0
589.15000000,0.75,0.0
589.25000000,0.0,0.0
589.30000000,0.75,0.0
589.40000000,0.0,0.0
589.45000000,0.75,0.0
589.50000000,0.0,0.0
589.55000000,0.75,0.0
589.65000000,0.0,0.0
589.70000000,0.75,0.0
589.80000000,0.0,0.0
589.85000000,0.75,0.0
589.95000000,0.0,0.0
590.00000000,0.75,0.0
590.10000000,0.0,0.0
590.15000000,0.75,0.0
590.20000000,0.0,0.0
590.25000000,0.75,0.0
590.35000000,0.0,0.0
590.40000000,0.75,0.0
590.50000000,0.0,0.0
590.55000000,0.75,0.0
590.65000000,0.0,0.0
590.70000000,0.75,0.0
590.80000000,0.0,0.0
590.85000000,0.75,0.0
590.90000000,0.0,0.0
590.95000000,0.75,0.0
591.05000000,0.0,0.0
591.10000000,0.75,0.0
591.20000000,0.0,0.0
591.25000000,0.75,0.0
591.35000000,0.0,0.0
591.40000000,0.75,0.0
591.50000000,0.0,0.0
591.60000000,0.75,0.0
591.75000000,0.0,0.0
591.80000000,0.75,0.0
591.90000000,0.0,0.0
591.95000000,0.75,0.0
592.05000000,0.0,0.0
592.10000000,0.75,0.0
592.20000000,0.0,0.0
592.30000000,0.75,0.0
592.45000000,0.0,0.0
592.50000000,0.75,0.0
592.60000000,0.0,0.0
592.65000000,0.75,0.0
592.75000000,0.0,0.0
592.80000000,0.75,0.0
592.85000000,0.0,0.0
592.90000000,0.75,0.0
593.00000000,0.0,0.0
593.05000000,0.75,0.0
593.15000000,0.0,0.0
593.20000000,0.75,0.0
593.30000000,0.0,0.0
593.35000000,0.75,0.0
593.45000000,0.0,0.0
593.50000000,0.75,0.0
593.55000000,0.0,0.0
593.60000000,0.75,0.0
593.70000000,0.0,0.0
593.75000000,0.75,0.0
593.85000000,0.0,0.0
593.90000000,0.75,0.0
594.00000000,0.0,0.0
594.05000000,0.75,0.0
594.15000000,0.0,0.0
594.20000000,0.75,0.0
594.25000000,0.0,0.0
594.30000000,0.75,0.0
594.40000000,0.0,0.0
594.45000000,0.75,0.0
594.55000000,0.0,0.0
594.60000000,0.75,0.0
594.70000000,0.0,0.0
594.75000000,0.75,0.0
594.85000000,0.0,0.0
594.90000000,0.75,0.0
594.95000000,0.0,0.0
595.00000000,0.75,0.0
595.10000000,0.0,0.0
595.15000000,0.75,0.0
595.25000000,0.0,0.0
595.30000000,0.75,0.0
595.40000000,0.0,0.0
595.45000000,0.75,0.0
595.50000000,0.0,0.0
595.55000000,0.75,0.0
595.65000000,0.0,0.0
595.70000000,0.75,0.0
595.80000000,0.0,0.0
595.85000000,0.75,0.0
595.95000000,0.0,0.0
596.00000000,0.75,0.0
596.10000000,0.0,0.0
596.15000000,0.75,0.0
596.20000000,0.0,0.0
596.25000000,0.75,0.0
596.35000000,0.0,0.0
596.40000000,0.75,0.0
596.50000000,0.0,0.0
596.55000000,0.75,0.0
596.65000000,0.0,0.0
596.70000000,0.75,0.0
596.80000000,0.0,0.0
596.85000000,0.75,0.0
596.90000000,0.0,0.0
596.95000000,0.75,0.0
597.05000000,0.0,0.0
597.10000000,0.75,0.0
597.20000000,0.0,0.0
597.25000000,0.75,0.0
597.35000000,0.0,0.0
597.40000000,0.75,0.0
597.50000000,0.0,0.0
597.55000000,0.75,0.0
597.60000000,0.0,0.0
597.65000000,0.75,0.0
597.75000000,0.0,0.0
597.80000000,0.75,0.0
597.90000000,0.0,0.0
597.95000000,0.75,0.0
598.05000000,0.0,0.0
598.10000000,0.75,0.0
598.20000000,0.0,0.0
598.25000000,0.75,0.0
598.30000000,0.0,0.0
598.35000000,0.75,0.0
598.45000000,0.0,0.0
598.50000000,0.75,0.0
598.60000000,0.0,0.0
598.65000000,0.75,0.0
598.75000000,0.0,0.0
598.80000000,0.75,0.0
598.85000000,0.0,0.0
598.90000000,0.75,0.0
599.00000000,0.0,0.0
599.05000000,0.75,0.0
599.15000000,0.0,0.0
599.20000000,0.75,0.0
599.30000000,0.0,0.0
599.35000000,0.75,0.0
599.45000000,0.0,0.0
599.50000000,0.75,0.0
599.55000000,0.0,0.0
599.60000000,0.75,0.0
599.70000000,0.0,0.0
599.75000000,0.75,0.0
599.85000000,0.0,0.0
599.90000000,0.75,0.0
600.00000000,0.0,0.0
600.05000000,0.75,0.0
600.15000000,0.0,0.0
600.20000000,0.75,0.0
600.25000000,0.0,0.0
600.30000000,0.75,0.0
600.40000000,0.0,0.0
600.45000000,0.75,0.0
600.55000000,0.0,0.0
600.60000000,0.75,0.0
600.70000000,0.0,0.0
600.75000000,0.75,0.0
600.85000000,0.0,0.0
600.90000000,0.75,0.0
600.95000000,0.0,0.0
601.00000000,0.75,0.0
601.10000000,0.0,0.0
601.15000000,0.75,0.0
601.25000000,0.0,0.0
601.30000000,0.75,0.0
601.40000000,0.0,0.0
601.45000000,0.75,0.0
601.55000000,0.0,0.0
601.65000000,0.75,0.0
601.80000000,0.0,0.0
601.85000000,0.75,0.0
601.95000000,0.0,0.0
602.00000000,0.75,0.0
602.10000000,0.0,0.0
602.15000000,0.75,0.0
602.25000000,0.0,0.0
602.35000000,0.75,0.0
602.50000000,0.0,0.0
602.55000000,0.75,0.0
602.65000000,0.0,0.0
602.70000000,0.75,0.0
602.80000000,0.0,0.0
602.85000000,0.75,0.0
602.90000000,0.0,0.0
602.95000000,0.75,0.0
603.05000000,0.0,0.0
603.10000000,0.75,0.0
603.20000000,0.0,0.0
603.25000000,0.75,0.0
603.35000000,0.0,0.0
603.40000000,0.75,0.0
603.50000000,0.0,0.0
603.55000000,0.75,0.0
603.60000000,0.0,0.0
603.65000000,0.75,0.0
603.75000000,0.0,0.0
603.80000000,0.75,0.0
603.90000000,0.0,0.0
603.95000000,0.75,0.0
604.05000000,0.0,0.0
604.10000000,0.75,0.0
604.20000000,0.0,0.0
604.25000000,0.75,0.0
604.30000000,0.0,0.0
604.35000000,0.75,0.0
604.45000000,0.0,0.0
604.50000000,0.75,0.0
604.60000000,0.0,0.0
604.65000000,0.75,0.0
604.75000000,0.0,0.0
604.80000000,0.75,0.0
604.90000000,0.0,0.0
604.95000000,0.75,0.0
605.00000000,0.0,0.0
605.05000000,0.75,0.0
605.15000000,0.0,0.0
605.20000000,0.75,0.0
605.30000000,0.0,0.0
605.35000000,0.75,0.0
605.45000000,0.0,0.0
605.50000000,0.75,0.0
605.55000000,0.0,0.0
605.60000000,0.75,0.0
605.70000000,0.0,0.0
605.75000000,0.75,0.0
605.85000000,0.0,0.0
605.90000000,0.75,0.0
606.00000000,0.0,0.0
606.05000000,0.75,0.0
606.15000000,0.0,0.0
606.20000000,0.75,0.0
606.30000000,0.0,0.0
606.40000000,0.75,0.0
606.55000000,0.0,0.0
606.60000000,0.75,0.0
606.70000000,0.0,0.0
606.75000000,0.75,0.0
606.85000000,0.0,0.0
606.90000000,0.75,0.0
606.95000000,0.0,0.0
607.00000000,0.75,0.0
607.10000000,0.0,0.0
607.15000000,0.75,0.0
607.25000000,0.0,0.0
607.30000000,0.75,0.0
607.40000000,0.0,0.0
607.45000000,0.75,0.0
607.55000000,0.0,0.0
607.60000000,0.75,0.0
607.65000000,0.0,0.0
607.70000000,0.75,0.0
607.80000000,0.0,0.0
607.85000000,0.75,0.0
607.95000000,0.0,0.0
608.00000000,0.75,0.0
608.10000000,0.0,0.0
608.15000000,0.75,0.0
608.25000000,0.0,0.0
608.35000000,0.75,0.0
608.50000000,0.0,0.0
608.55000000,0.75,0.0
608.65000000,0.0,0.0
608.70000000,0.75,0.0
608.80000000,0.0,0.0
608.85000000,0.75,0.0
608.90000000,0.0,0.0
608.95000000,0.75,0.0
609.05000000,0.0,0.0
609.10000000,0.75,0.0
609.20000000,0.0,0.0
609.25000000,0.75,0.0
609.35000000,0.0,0.0
609.40000000,0.75,0.0
609.50000000,0.0,0.0
609.55000000,0.75,0.0
609.65000000,0.0,0.0
609.75000000,0.75,0.0
609.90000000,0.0,0.0
609.95000000,0.75,0.0
610.05000000,0.0,0.0
610.10000000,0.75,0.0
610.20000000,0.0,0.0
610.25000000,0.75,0.0
610.30000000,0.0,0.0
610.35000000,0.75,0.0
610.45000000,0.0,0.0
610.50000000,0.75,0.0
610.60000000,0.0,0.0
610.65000000,0.75,0.0
610.75000000,0.0,0.0
610.80000000,0.75,0.0
610.90000000,0.0,0.0
610.95000000,0.75,0.0
611.00000000,0.0,0.0
611.05000000,0.75,0.0
611.15000000,0.0,0.0
611.20000000,0.75,0.0
611.30000000,0.0,0.0
611.35000000,0.75,0.0
611.45000000,0.0,0.0
611.50000000,0.75,0.0
611.60000000,0.0,0.0
611.65000000,0.75,0.0
611.70000000,0.0,0.0
611.75000000,0.75,0.0
611.85000000,0.0,0.0
611.90000000,0.75,0.0
612.00000000,0.0,0.0
612.05000000,0.75,0.0
612.15000000,0.0,0.0
612.20000000,0.75,0.0
612.25000000,0.0,0.0
612.30000000,0.75,0.0
612.40000000,0.0,0.0
612.45000000,0.75,0.0
612.55000000,0.0,0.0
612.60000000,0.75,0.0
612.70000000,0.0,0.0
612.75000000,0.75,0.0
612.85000000,0.0,0.0
612.90000000,0.75,0.0
612.95000000,0.0,0.0
613.00000000,0.75,0.0
613.10000000,0.0,0.0
613.15000000,0.75,0.0
613.25000000,0.0,0.0
613.30000000,0.75,0.0
613.40000000,0.0,0.0
613.45000000,0.75,0.0
613.50000000,0.0,0.0
613.55000000,0.75,0.0
613.65000000,0.0,0.0
613.70000000,0.75,0.0
613.75000000,0.0,0.0
613.80000000,0.75,0.0
613.90000000,0.0,0.0
613.95000000,0.75,0.0
614.00000000,0.0,0.0
614.05000000,0.75,0.0
614.15000000,0.0,0.0
614.20000000,0.75,0.0
614.25000000,0.0,0.0
614.30000000,0.75,0.0
614.40000000,0.0,0.0
614.45000000,0.75,0.0
614.50000000,0.0,0.0
614.55000000,0.75,0.0
614.65000000,0.0,0.0
614.75000000,0.75,0.0
614.90000000,0.0,0.0
615.00000000,0.75,0.0
615.10000000,0.0,0.0
615.15000000,0.75,0.0
615.25000000,0.0,0.0
615.35000000,0.75,0.0
615.45000000,0.0,0.0
615.50000000,0.75,0.0
615.55000000,0.0,0.0
615.60000000,0.75,0.0
615.70000000,0.0,0.0
615.80000000,0.75,0.0
615.90000000,0.0,0.0
615.95000000,0.75,0.0
616.05000000,0.0,0.0
616.15000000,0.75,0.0
616.25000000,0.0,0.0
616.30000000,0.75,0.0
616.35000000,0.0,0.0
616.40000000,0.75,0.0
616.45000000,0.0,0.0
616.50000000,0.75,0.0
616.60000000,0.0,0.0
616.70000000,0.75,0.0
616.80000000,0.0,0.0
616.90000000,0.75,0.0
617.00000000,0.0,0.0
617.05000000,0.75,0.0
617.15000000,0.0,0.0
617.25000000,0.75,0.0
617.35000000,0.0,0.0
617.45000000,0.75,0.0
617.55000000,0.0,0.0
617.65000000,0.75,0.0
617.75000000,0.0,0.0
617.80000000,0.75,0.0
617.85000000,0.0,0.0
617.90000000,0.75,0.0
617.95000000,0.0,0.0
618.00000000,0.75,0.0
618.05000000,0.0,0.0
618.10000000,0.75,0.0
618.15000000,0.0,0.0
618.20000000,0.75,0.0
618.25000000,0.0,0.0
618.30000000,0.75,0.0
618.35000000,0.0,0.0
618.40000000,0.75,0.0
618.50000000,0.0,0.0
618.60000000,0.75,0.0
618.70000000,0.0,0.0
618.80000000,0.75,0.0
618.90000000,0.0,0.0
619.00000000,0.75,0.0
619.05000000,0.0,0.0
619.10000000,0.75,0.0
619.15000000,0.0,0.0
619.20000000,0.75,0.0
619.25000000,0.0,0.0
619.30000000,0.75,0.0
619.35000000,0.0,0.0
619.40000000,0.75,0.0
619.45000000,0.0,0.0
619.50000000,0.75,0.0
619.55000000,0.0,0.0
619.65000000,0.75,0.0
619.75000000,0.0,0.0
619.85000000,0.75,0.0
619.95000000,0.0,0.0
620.05000000,0.75,0.0
620.15000000,0.0,0.0
620.25000000,0.75,0.0
620.30000000,0.0,0.0
620.35000000,0.75,0.0
620.40000000,0.0,0.0
620.50000000,0.75,0.0
620.60000000,0.0,0.0
620.70000000,0.75,0.0
620.80000000,0.0,0.0
620.90000000,0.75,0.0
620.95000000,0.0,0.0
621.00000000,0.75,0.0
621.05000000,0.0,0.0
621.15000000,0.75,0.0
621.25000000,0.0,0.0
621.35000000,0.75,0.0
621.40000000,0.0,0.0
621.45000000,0.75,0.0
621.50000000,0.0,0.0
621.60000000,0.75,0.0
621.70000000,0.0,0.0
621.80000000,0.75,0.0
621.85000000,0.0,0.0
621.95000000,0.75,0.0
622.05000000,0.0,0.0
622.15000000,0.75,0.0
622.20000000,0.0,0.0
622.30000000,0.75,0.0
622.35000000,0.0,0.0
624.60000000,0.0,0.45
636.10000000,0.0,0.0
636.20000000,0.0,0.45
646.15000000,0.0,0.0
646.20000000,0.0,0.45
655.50000000,0.0,0.0
655.55000000,0.0,0.45
664.25000000,0.0,0.0
664.35000000,0.0,0.45
672.35000000,0.0,0.0
672.40000000,0.0,0.45
679.80000000,0.0,0.0
679.90000000,0.0,0.45
687.00000000,0.0,0.0
687.10000000,0.0,0.45
688.25000000,0.0,1.0
691.10000000,0.0,0.0
691.40000000,0.0,1.0
750.05000000,0.0,1.0
