TIME,TRAINSPEED,MAXSPEED,SIGNALASPECT,ELEVATION,DIRECTION,CONTROLMODE,DISTANCETRAVELLED,THROTTLEPERC,BRAKEPRESSURE,DYNBRAKEPERC,GEARINDEX,
12:00:00,0000,0,0020,0,APPROACH_1,00,0,F,EXPLORER,0,000,012,-001,0,
12:00:00,0000,0,0020,0,CLEAR_1,00,0,F,EXPLORER,0,000,012,-001,0,
12:00:01,0000,0,0020,0,CLEAR_1,00,0,F,EXPLORER,0,000,012,-001,0,
12:00:02,0000,0,0020,0,CLEAR_1,00,0,F,EXPLORER,0,000,012,-001,0,
12:00:03,0000,0,0020,0,CLEAR_1,00,0,F,EXPLORER,0,000,012,-001,0,
12:00:04,0000,0,0020,0,CLEAR_1,00,0,F,EXPLORER,0,000,012,-001,0,
12:00:05,0000,0,0020,0,CLEAR_1,00,0,F,EXPLORER,0,000,012,-001,0,
12:00:06,0000,0,0020,0,CLEAR_1,00,0,F,EXPLORER,0,000,012,-001,0,
12:00:07,0000,0,0020,0,CLEAR_1,00,0,F,EXPLORER,0,000,012,-001,0,
12:00:08,0000,0,0020,0,CLEAR_1,00,0,F,EXPLORER,0,000,012,-001,0,
12:00:09,0000,0,0020,0,CLEAR_1,00,0,F,EXPLORER,0,000,012,-001,0,
12:00:10,0000,0,0020,0,CLEAR_1,00,0,F,EXPLORER,0,000,012,-001,0,
12:00:11,0000,0,0020,0,CLEAR_1,00,0,F,EXPLORER,0,000,012,-001,0,
12:00:12,0000,0,0020,0,CLEAR_1,00,0,F,EXPLORER,0,000,012,-001,0,
12:00:13,0000,0,0020,0,CLEAR_1,00,0,F,EXPLORER,0,000,012,-001,0,
12:00:14,0000,1,0020,0,CLEAR_1,00,0,F,EXPLORER,0,013,012,-001,0,
12:00:15,0000,3,0020,0,CLEAR_1,00,0,F,EXPLORER,0,019,012,-001,0,
12:00:16,0000,6,0020,0,CLEAR_1,00,0,F,EXPLORER,0,020,012,-001,0,
12:00:17,0001,1,0020,0,CLEAR_1,00,0,F,EXPLORER,0,020,012,-001,0,
12:00:18,0001,5,0020,0,CLEAR_1,00,0,F,EXPLORER,0,020,012,-001,0,
12:00:19,0001,9,0020,0,CLEAR_1,00,0,F,EXPLORER,0,020,012,-001,0,
12:00:20,0002,3,0020,0,CLEAR_1,00,0,F,EXPLORER,0,020,012,-001,0,
12:00:21,0002,7,0020,0,CLEAR_1,00,0,F,EXPLORER,0,020,012,-001,0,
12:00:22,0003,1,0020,0,CLEAR_1,00,0,F,EXPLORER,0,020,012,-001,0,
12:00:23,0003,5,0020,0,CLEAR_1,00,0,F,EXPLORER,0,020,012,-001,0,
12:00:24,0003,8,0020,0,CLEAR_1,00,0,F,EXPLORER,0,020,012,-001,0,
12:00:25,0004,1,0020,0,CLEAR_1,00,0,F,EXPLORER,0,021,012,-001,0,
12:00:26,0004,5,0020,0,CLEAR_1,00,0,F,EXPLORER,0,021,012,-001,0,
12:00:27,0004,8,0020,0,CLEAR_1,00,0,F,EXPLORER,0,021,012,-001,0,
12:00:28,0005,1,0020,0,CLEAR_1,00,0,F,EXPLORER,0,021,012,-001,0,
12:00:29,0005,4,0020,0,CLEAR_1,00,0,F,EXPLORER,0,021,012,-001,0,
12:00:30,0005,7,0020,0,CLEAR_1,00,0,F,EXPLORER,0,021,012,-001,0,
12:00:31,0005,9,0020,0,CLEAR_1,00,0,F,EXPLORER,0,021,012,-001,0,
12:00:32,0006,1,0020,0,CLEAR_1,00,0,F,EXPLORER,0,021,012,-001,0,
12:00:33,0006,4,0020,0,CLEAR_1,00,0,F,EXPLORER,0,021,012,-001,0,
12:00:34,0006,6,0020,0,CLEAR_1,00,0,F,EXPLORER,0,021,012,-001,0,
12:00:35,0006,8,0020,0,CLEAR_1,00,0,F,EXPLORER,0,021,012,-001,0,
12:00:36,0007,0,0020,0,CLEAR_1,00,0,F,EXPLORER,0,021,012,-001,0,
12:00:37,0007,1,0020,0,CLEAR_1,00,0,F,EXPLORER,0,021,012,-001,0,
12:00:38,0007,3,0020,0,CLEAR_1,00,0,F,EXPLORER,0,021,012,-001,0,
12:00:39,0007,5,0020,0,CLEAR_1,00,0,F,EXPLORER,0,021,012,-001,0,
12:00:40,0007,7,0020,0,CLEAR_1,00,0,F,EXPLORER,0,021,012,-001,0,
12:00:41,0007,9,0020,0,CLEAR_1,00,0,F,EXPLORER,0,021,012,-001,0,
12:00:42,0008,0,0020,0,CLEAR_1,00,0,F,EXPLORER,0,021,012,-001,0,
12:00:43,0008,2,0020,0,CLEAR_1,00,0,F,EXPLORER,0,021,012,-001,0,
12:00:44,0008,3,0020,0,CLEAR_1,00,0,F,EXPLORER,0,021,012,-001,0,
12:00:45,0008,5,0020,0,CLEAR_1,00,0,F,EXPLORER,0,021,012,-001,0,
12:00:46,0008,6,0020,0,CLEAR_1,00,0,F,EXPLORER,0,021,012,-001,0,
12:00:47,0008,7,0020,0,CLEAR_1,00,0,F,EXPLORER,0,021,012,-001,0,
12:00:48,0008,9,0020,0,CLEAR_1,00,0,F,EXPLORER,0,021,012,-001,0,
12:00:49,0009,0,0020,0,CLEAR_1,00,0,F,EXPLORER,0,021,012,-001,0,
12:00:50,0009,1,0020,0,CLEAR_1,00,0,F,EXPLORER,0,021,012,-001,0,
12:00:51,0009,2,0020,0,CLEAR_1,00,0,F,EXPLORER,0,021,012,-001,0,
12:00:52,0009,4,0020,0,CLEAR_1,00,0,F,EXPLORER,0,021,012,-001,0,
12:00:53,0009,5,0020,0,CLEAR_1,00,0,F,EXPLORER,0,021,012,-001,0,
12:00:54,0009,6,0020,0,CLEAR_1,00,0,F,EXPLORER,0,021,012,-001,0,
12:00:55,0009,7,0020,0,CLEAR_1,00,0,F,EXPLORER,0,021,012,-001,0,
12:00:56,0009,8,0020,0,CLEAR_1,00,0,F,EXPLORER,0,021,012,-001,0,
12:00:57,0009,9,0020,0,CLEAR_1,00,0,F,EXPLORER,0,021,012,-001,0,
12:00:58,0010,0,0020,0,CLEAR_1,00,0,F,EXPLORER,0,021,012,-001,0,
12:00:59,0010,1,0020,0,CLEAR_1,00,0,F,EXPLORER,0,021,012,-001,0,
12:01:00,0010,2,0020,0,CLEAR_1,00,0,F,EXPLORER,0,021,012,-001,0,
12:01:01,0010,3,0020,0,CLEAR_1,00,0,F,EXPLORER,0,021,012,-001,0,
12:01:02,0010,4,0020,0,CLEAR_1,00,0,F,EXPLORER,0,021,012,-001,0,
12:01:03,0010,5,0020,0,CLEAR_1,00,0,F,EXPLORER,0,021,012,-001,0,
12:01:04,0010,5,0020,0,CLEAR_1,00,0,F,EXPLORER,0,021,012,-001,0,
12:01:05,0010,6,0020,0,CLEAR_1,00,0,F,EXPLORER,0,021,012,-001,0,
12:01:06,0010,7,0020,0,CLEAR_1,00,0,F,EXPLORER,0,021,012,-001,0,
12:01:07,0010,7,0020,0,CLEAR_1,00,0,F,EXPLORER,0,021,012,-001,0,
12:01:08,0010,8,0020,0,CLEAR_1,00,0,F,EXPLORER,0,021,012,-001,0,
12:01:09,0010,9,0020,0,CLEAR_1,00,0,F,EXPLORER,0,021,012,-001,0,
12:01:10,0010,9,0020,0,CLEAR_1,00,0,F,EXPLORER,0,021,012,-001,0,
12:01:11,0011,0,0020,0,CLEAR_1,-00,2,F,EXPLORER,0,021,012,-001,0,
12:01:12,0011,1,0020,0,CLEAR_1,-00,3,F,EXPLORER,0,021,012,-001,0,
12:01:13,0011,2,0020,0,CLEAR_1,-00,3,F,EXPLORER,0,021,012,-001,0,
12:01:14,0011,2,0020,0,CLEAR_1,-00,3,F,EXPLORER,0,021,012,-001,0,
12:01:15,0011,3,0020,0,CLEAR_1,-00,3,F,EXPLORER,0,021,012,-001,0,
12:01:16,0011,4,0020,0,CLEAR_1,-00,3,F,EXPLORER,0,021,012,-001,0,
12:01:17,0011,5,0020,0,CLEAR_1,-00,3,F,EXPLORER,0,021,012,-001,0,
12:01:18,0011,5,0020,0,CLEAR_1,-00,3,F,EXPLORER,0,021,012,-001,0,
12:01:19,0011,6,0020,0,CLEAR_1,-00,3,F,EXPLORER,0,021,012,-001,0,
12:01:20,0011,7,0020,0,CLEAR_1,-00,3,F,EXPLORER,0,021,012,-001,0,
12:01:21,0011,8,0020,0,CLEAR_1,-00,3,F,EXPLORER,0,021,012,-001,0,
12:01:22,0011,9,0020,0,CLEAR_1,-00,3,F,EXPLORER,0,021,012,-001,0,
12:01:23,0011,9,0020,0,CLEAR_1,-00,3,F,EXPLORER,0,021,012,-001,0,
12:01:24,0012,0,0020,0,CLEAR_1,-00,3,F,EXPLORER,0,021,012,-001,0,
12:01:25,0012,1,0020,0,CLEAR_1,-00,3,F,EXPLORER,0,021,012,-001,0,
12:01:26,0012,2,0020,0,CLEAR_1,-00,3,F,EXPLORER,0,021,012,-001,0,
12:01:27,0012,2,0020,0,CLEAR_1,-00,3,F,EXPLORER,0,021,012,-001,0,
12:01:28,0012,3,0020,0,CLEAR_1,-00,3,F,EXPLORER,0,021,012,-001,0,
12:01:29,0012,4,0020,0,CLEAR_1,-00,3,F,EXPLORER,0,021,012,-001,0,
12:01:30,0012,5,0020,0,CLEAR_1,-00,3,F,EXPLORER,0,021,012,-001,0,
12:01:31,0012,5,0020,0,CLEAR_1,-00,3,F,EXPLORER,0,021,012,-001,0,
12:01:32,0012,6,0020,0,CLEAR_1,-00,3,F,EXPLORER,0,021,012,-001,0,
12:01:33,0012,7,0020,0,CLEAR_1,-00,3,F,EXPLORER,0,021,012,-001,0,
12:01:34,0012,7,0020,0,CLEAR_1,-00,4,F,EXPLORER,0,021,012,-001,0,
12:01:35,0012,8,0020,0,CLEAR_1,-00,3,F,EXPLORER,0,021,012,-001,0,
12:01:36,0012,9,0020,0,CLEAR_1,-00,3,F,EXPLORER,0,021,012,-001,0,
12:01:37,0013,0,0020,0,CLEAR_1,-00,3,F,EXPLORER,0,021,012,-001,0,
12:01:38,0013,1,0020,0,CLEAR_1,-00,3,F,EXPLORER,0,021,012,-001,0,
12:01:39,0013,2,0020,0,CLEAR_1,-00,3,F,EXPLORER,0,021,012,-001,0,
12:01:40,0013,3,0020,0,CLEAR_1,-00,3,F,EXPLORER,0,021,012,-001,0,
12:01:41,0013,3,0020,0,CLEAR_1,-00,3,F,EXPLORER,0,021,012,-001,0,
12:01:42,0013,4,0020,0,CLEAR_1,-00,3,F,EXPLORER,0,021,012,-001,0,
12:01:43,0013,5,0020,0,CLEAR_1,-00,3,F,EXPLORER,0,021,012,-001,0,
12:01:44,0013,6,0020,0,CLEAR_1,-00,3,F,EXPLORER,0,021,012,-001,0,
12:01:45,0013,7,0020,0,CLEAR_1,-00,3,F,EXPLORER,0,021,012,-001,0,
12:01:46,0013,7,0020,0,CLEAR_1,-00,3,F,EXPLORER,0,021,012,-001,0,
12:01:47,0013,8,0020,0,CLEAR_1,-00,3,F,EXPLORER,0,021,012,-001,0,
12:01:48,0013,9,0020,0,CLEAR_1,-00,3,F,EXPLORER,0,021,012,-001,0,
12:01:49,0014,0,0020,0,CLEAR_1,-00,3,F,EXPLORER,0,021,012,-001,0,
12:01:50,0014,0,0020,0,CLEAR_1,-00,3,F,EXPLORER,0,021,012,-001,0,
12:01:51,0014,1,0020,0,CLEAR_1,-00,3,F,EXPLORER,0,021,012,-001,0,
12:01:52,0014,2,0020,0,CLEAR_1,-00,3,F,EXPLORER,0,021,012,-001,0,
12:01:53,0014,2,0020,0,CLEAR_1,-00,3,F,EXPLORER,0,021,012,-001,0,
12:01:54,0014,3,0020,0,CLEAR_1,-00,3,F,EXPLORER,0,021,012,-001,0,
12:01:55,0014,4,0020,0,CLEAR_1,-00,3,F,EXPLORER,0,021,012,-001,0,
12:01:56,0014,4,0020,0,CLEAR_1,-00,3,F,EXPLORER,0,021,012,-001,0,
12:01:57,0014,5,0020,0,CLEAR_1,-00,3,F,EXPLORER,0,021,012,-001,0,
12:01:58,0014,5,0020,0,CLEAR_1,-00,3,F,EXPLORER,0,021,012,-001,0,
12:01:59,0014,6,0020,0,CLEAR_1,-00,3,F,EXPLORER,0,021,012,-001,0,
12:02:00,0014,7,0020,0,CLEAR_1,-00,3,F,EXPLORER,0,021,012,-001,0,
12:02:01,0014,7,0020,0,CLEAR_1,-00,3,F,EXPLORER,0,021,012,-001,0,
12:02:02,0014,8,0020,0,CLEAR_1,-00,3,F,EXPLORER,0,021,012,-001,0,
12:02:03,0014,8,0020,0,CLEAR_1,-00,3,F,EXPLORER,0,021,012,-001,0,
12:02:04,0014,9,0020,0,CLEAR_1,-00,3,F,EXPLORER,0,021,012,-001,0,
12:02:05,0015,0,0020,0,CLEAR_1,-00,3,F,EXPLORER,0,021,012,-001,0,
12:02:06,0015,0,0020,0,CLEAR_1,-00,3,F,EXPLORER,0,021,012,-001,0,
12:02:07,0015,0,0020,0,CLEAR_1,-00,3,F,EXPLORER,0,021,012,-001,0,
12:02:08,0015,1,0020,0,CLEAR_1,-00,1,F,EXPLORER,0,021,012,-001,0,
12:02:09,0015,1,0020,0,CLEAR_1,00,0,F,EXPLORER,0,021,012,-001,0,
12:02:10,0015,1,0020,0,CLEAR_1,00,0,F,EXPLORER,0,021,012,-001,0,
12:02:11,0015,1,0020,0,CLEAR_1,00,0,F,EXPLORER,0,021,012,-001,0,
12:02:12,0015,2,0020,0,CLEAR_1,00,0,F,EXPLORER,0,021,012,-001,0,
12:02:13,0015,2,0020,0,CLEAR_1,00,0,F,EXPLORER,0,021,012,-001,0,
12:02:14,0015,2,0020,0,CLEAR_1,00,0,F,EXPLORER,0,021,012,-001,0,
12:02:15,0015,2,0020,0,CLEAR_1,00,0,F,EXPLORER,0,021,012,-001,0,
12:02:16,0015,2,0020,0,CLEAR_1,00,0,F,EXPLORER,0,021,012,-001,0,
12:02:17,0015,2,0020,0,CLEAR_1,00,0,F,EXPLORER,0,021,012,-001,0,
12:02:18,0015,2,0020,0,CLEAR_1,00,0,F,EXPLORER,0,021,012,-001,0,
12:02:19,0015,2,0020,0,CLEAR_1,00,0,F,EXPLORER,0,021,012,-001,0,
12:02:20,0015,2,0020,0,CLEAR_1,00,0,F,EXPLORER,0,021,012,-001,0,
12:02:21,0015,2,0020,0,CLEAR_1,00,0,F,EXPLORER,0,021,012,-001,0,
12:02:22,0015,2,0020,0,CLEAR_1,00,0,F,EXPLORER,0,021,012,-001,0,
12:02:23,0015,2,0020,0,CLEAR_1,00,0,F,EXPLORER,0,021,012,-001,0,
12:02:24,0015,2,0020,0,CLEAR_1,00,0,F,EXPLORER,0,021,012,-001,0,
12:02:25,0015,2,0020,0,CLEAR_1,00,0,F,EXPLORER,0,021,012,-001,0,
12:02:26,0015,1,0020,0,CLEAR_1,00,0,F,EXPLORER,0,021,012,-001,0,
12:02:27,0015,1,0020,0,CLEAR_1,00,0,F,EXPLORER,0,021,012,-001,0,
12:02:28,0015,1,0020,0,CLEAR_1,00,0,F,EXPLORER,0,021,012,-001,0,
12:02:29,0015,1,0020,0,CLEAR_1,00,0,F,EXPLORER,0,021,012,-001,0,
12:02:30,0015,0,0020,0,CLEAR_1,00,0,F,EXPLORER,0,021,012,-001,0,
12:02:31,0015,0,0020,0,CLEAR_1,00,0,F,EXPLORER,0,021,012,-001,0,
12:02:32,0014,9,0020,0,CLEAR_1,00,0,F,EXPLORER,0,021,012,-001,0,
12:02:33,0014,9,0020,0,CLEAR_1,00,0,F,EXPLORER,0,021,012,-001,0,
12:02:34,0014,8,0020,0,CLEAR_1,00,0,F,EXPLORER,0,021,012,-001,0,
12:02:35,0014,8,0020,0,CLEAR_1,00,0,F,EXPLORER,0,021,012,-001,0,
12:02:36,0014,8,0020,0,CLEAR_1,00,0,F,EXPLORER,0,021,012,-001,0,
12:02:37,0014,7,0020,0,CLEAR_1,00,0,F,EXPLORER,0,021,012,-001,0,
12:02:38,0014,7,0020,0,CLEAR_1,00,0,F,EXPLORER,0,021,012,-001,0,
12:02:39,0014,7,0020,0,CLEAR_1,00,0,F,EXPLORER,0,021,012,-001,0,
12:02:40,0014,6,0020,0,CLEAR_1,00,0,F,EXPLORER,0,021,012,-001,0,
12:02:41,0014,6,0020,0,CLEAR_1,00,0,F,EXPLORER,0,021,012,-001,0,
12:02:42,0014,5,0050,0,CLEAR_1,00,0,F,EXPLORER,0,021,012,-001,0,
12:02:43,0014,5,0050,0,CLEAR_1,00,0,F,EXPLORER,0,021,012,-001,0,
12:02:44,0014,5,0050,0,CLEAR_1,00,0,F,EXPLORER,0,021,012,-001,0,
12:02:45,0014,5,0050,0,CLEAR_1,00,0,F,EXPLORER,0,021,012,-001,0,
12:02:46,0014,4,0050,0,CLEAR_1,00,0,F,EXPLORER,0,021,012,-001,0,
12:02:47,0014,4,0050,0,CLEAR_1,00,0,F,EXPLORER,0,021,012,-001,0,
12:02:48,0014,4,0050,0,CLEAR_1,00,0,F,EXPLORER,0,021,012,-001,0,
12:02:49,0014,4,0050,0,CLEAR_1,00,0,F,EXPLORER,0,021,012,-001,0,
12:02:50,0014,4,0050,0,CLEAR_1,00,0,F,EXPLORER,0,021,012,-001,0,
12:02:51,0014,3,0050,0,CLEAR_1,00,1,F,EXPLORER,0,021,012,-001,0,
12:02:52,0014,3,0050,0,CLEAR_1,00,1,F,EXPLORER,0,021,012,-001,0,
12:02:53,0014,3,0050,0,CLEAR_1,00,1,F,EXPLORER,0,021,012,-001,0,
12:02:54,0014,3,0050,0,CLEAR_1,00,0,F,EXPLORER,0,021,012,-001,0,
12:02:55,0014,2,0050,0,CLEAR_1,00,0,F,EXPLORER,0,021,012,-001,0,
12:02:56,0014,2,0050,0,CLEAR_1,00,0,F,EXPLORER,0,021,012,-001,0,
12:02:57,0014,2,0050,0,CLEAR_1,00,0,F,EXPLORER,0,021,012,-001,0,
12:02:58,0014,2,0050,0,CLEAR_1,00,0,F,EXPLORER,0,021,012,-001,0,
12:02:59,0014,2,0050,0,CLEAR_1,00,0,F,EXPLORER,0,021,012,-001,0,
12:03:00,0014,2,0050,0,CLEAR_1,00,0,F,EXPLORER,0,021,012,-001,0,
12:03:01,0014,2,0050,0,CLEAR_1,00,0,F,EXPLORER,0,021,012,-001,0,
12:03:02,0014,2,0050,0,CLEAR_1,00,0,F,EXPLORER,0,021,012,-001,0,
12:03:03,0014,1,0050,0,CLEAR_1,00,0,F,EXPLORER,0,021,012,-001,0,
12:03:04,0014,1,0050,0,CLEAR_1,00,0,F,EXPLORER,0,021,012,-001,0,
12:03:05,0014,1,0050,0,CLEAR_1,00,0,F,EXPLORER,0,021,012,-001,0,
12:03:06,0014,1,0050,0,CLEAR_1,00,0,F,EXPLORER,0,021,012,-001,0,
12:03:07,0014,1,0050,0,CLEAR_1,00,0,F,EXPLORER,0,021,012,-001,0,
12:03:08,0014,1,0050,0,CLEAR_1,00,0,F,EXPLORER,0,021,012,-001,0,
12:03:09,0014,1,0050,0,CLEAR_1,00,0,F,EXPLORER,0,021,012,-001,0,
12:03:10,0014,1,0050,0,CLEAR_1,00,0,F,EXPLORER,0,021,012,-001,0,
12:03:11,0014,1,0050,0,CLEAR_1,00,0,F,EXPLORER,0,021,012,-001,0,
12:03:12,0014,1,0050,0,CLEAR_1,00,0,F,EXPLORER,0,021,012,-001,0,
12:03:13,0014,0,0050,0,CLEAR_1,00,0,F,EXPLORER,0,021,012,-001,0,
12:03:14,0014,0,0050,0,CLEAR_1,00,0,F,EXPLORER,0,021,012,-001,0,
12:03:15,0014,0,0050,0,CLEAR_1,00,0,F,EXPLORER,0,021,012,-001,0,
12:03:16,0014,0,0050,0,CLEAR_1,00,0,F,EXPLORER,0,023,012,-001,0,
12:03:17,0014,0,0050,0,CLEAR_1,00,0,F,EXPLORER,0,026,012,-001,0,
12:03:18,0014,1,0050,0,CLEAR_1,00,0,F,EXPLORER,0,027,012,-001,0,
12:03:19,0014,2,0050,0,CLEAR_1,00,0,F,EXPLORER,0,029,012,-001,0,
12:03:20,0014,3,0050,0,CLEAR_1,00,0,F,EXPLORER,0,031,012,-001,0,
12:03:21,0014,4,0050,0,CLEAR_1,00,0,F,EXPLORER,0,031,012,-001,0,
12:03:22,0014,6,0050,0,CLEAR_1,00,0,F,EXPLORER,0,031,012,-001,0,
12:03:23,0014,7,0050,0,CLEAR_1,00,0,F,EXPLORER,0,031,012,-001,0,
12:03:24,0014,8,0050,0,CLEAR_1,00,0,F,EXPLORER,0,031,012,-001,0,
12:03:25,0014,9,0050,0,CLEAR_1,00,0,F,EXPLORER,0,031,012,-001,0,
12:03:26,0015,1,0050,0,CLEAR_1,00,0,F,EXPLORER,0,031,012,-001,0,
12:03:27,0015,2,0050,0,CLEAR_1,00,0,F,EXPLORER,0,031,012,-001,0,
12:03:28,0015,3,0050,0,CLEAR_1,00,0,F,EXPLORER,0,031,012,-001,0,
12:03:29,0015,4,0050,0,CLEAR_1,00,0,F,EXPLORER,0,031,012,-001,0,
12:03:30,0015,5,0050,0,CLEAR_1,00,0,F,EXPLORER,0,031,012,-001,0,
12:03:31,0015,6,0050,0,CLEAR_1,00,0,F,EXPLORER,0,031,012,-001,0,
12:03:32,0015,7,0050,0,CLEAR_1,00,0,F,EXPLORER,0,031,012,-001,0,
12:03:33,0015,8,0050,0,CLEAR_1,00,0,F,EXPLORER,0,031,012,-001,0,
12:03:34,0015,9,0050,0,CLEAR_1,00,0,F,EXPLORER,0,032,012,-001,0,
12:03:35,0016,0,0050,0,CLEAR_1,00,0,F,EXPLORER,0,035,012,-001,0,
12:03:36,0016,1,0050,0,CLEAR_1,00,0,F,EXPLORER,0,038,012,-001,0,
12:03:37,0016,3,0050,0,CLEAR_1,00,0,F,EXPLORER,0,040,012,-001,0,
12:03:38,0016,5,0050,0,CLEAR_1,00,0,F,EXPLORER,0,043,012,-001,0,
12:03:39,0016,7,0050,0,CLEAR_1,00,0,F,EXPLORER,0,047,012,-001,0,
12:03:40,0016,9,0050,0,CLEAR_1,00,0,F,EXPLORER,0,050,012,-001,0,
12:03:41,0017,2,0050,0,CLEAR_1,00,0,F,EXPLORER,0,050,012,-001,0,
12:03:42,0017,5,0050,0,CLEAR_1,00,0,F,EXPLORER,0,050,012,-001,0,
12:03:43,0017,8,0050,0,CLEAR_1,00,0,F,EXPLORER,0,050,012,-001,0,
12:03:44,0018,0,0050,0,CLEAR_1,00,0,F,EXPLORER,0,050,012,-001,0,
12:03:45,0018,3,0050,0,CLEAR_1,00,0,F,EXPLORER,0,050,012,-001,0,
12:03:46,0018,5,0050,0,CLEAR_1,00,1,F,EXPLORER,0,050,012,-001,0,
12:03:47,0018,7,0050,0,CLEAR_1,00,2,F,EXPLORER,0,050,012,-001,0,
12:03:48,0019,0,0050,0,CLEAR_1,00,2,F,EXPLORER,0,050,012,-001,0,
12:03:49,0019,2,0050,0,CLEAR_1,00,2,F,EXPLORER,0,050,012,-001,0,
12:03:50,0019,4,0050,0,CLEAR_1,00,2,F,EXPLORER,0,050,012,-001,0,
12:03:51,0019,6,0050,0,CLEAR_1,00,2,F,EXPLORER,0,051,012,-001,0,
12:03:52,0019,9,0050,0,CLEAR_1,00,2,F,EXPLORER,0,054,012,-001,0,
12:03:53,0020,1,0050,0,CLEAR_1,00,2,F,EXPLORER,0,058,012,-001,0,
12:03:54,0020,4,0050,0,CLEAR_1,00,2,F,EXPLORER,0,060,012,-001,0,
12:03:55,0020,7,0050,0,CLEAR_1,00,2,F,EXPLORER,0,062,012,-001,0,
12:03:56,0021,0,0050,0,CLEAR_1,00,2,F,EXPLORER,0,065,012,-001,0,
12:03:57,0021,3,0050,0,CLEAR_1,00,2,F,EXPLORER,0,066,012,-001,0,
12:03:58,0021,7,0050,0,CLEAR_1,00,2,F,EXPLORER,0,066,012,-001,0,
12:03:59,0022,0,0050,0,CLEAR_1,00,2,F,EXPLORER,0,066,012,-001,0,
12:04:00,0022,3,0050,0,CLEAR_1,00,2,F,EXPLORER,0,066,012,-001,0,
12:04:01,0022,6,0050,0,CLEAR_1,00,2,F,EXPLORER,0,066,012,-001,0,
12:04:02,0022,9,0050,0,CLEAR_1,00,2,F,EXPLORER,0,066,012,-001,0,
12:04:03,0023,2,0050,0,CLEAR_1,00,2,F,EXPLORER,0,066,012,-001,0,
12:04:04,0023,5,0050,0,CLEAR_1,00,2,F,EXPLORER,0,066,012,-001,0,
12:04:05,0023,8,0050,0,CLEAR_1,00,2,F,EXPLORER,0,066,012,-001,0,
12:04:06,0024,0,0050,0,CLEAR_1,00,2,F,EXPLORER,0,066,012,-001,0,
12:04:07,0024,3,0050,0,CLEAR_1,00,2,F,EXPLORER,0,066,012,-001,0,
12:04:08,0024,5,0050,0,CLEAR_1,00,2,F,EXPLORER,0,066,012,-001,0,
12:04:09,0024,8,0050,0,CLEAR_1,00,2,F,EXPLORER,0,066,012,-001,0,
12:04:10,0025,0,0050,0,CLEAR_1,00,2,F,EXPLORER,0,066,012,-001,0,
12:04:11,0025,3,0050,0,CLEAR_1,00,2,F,EXPLORER,0,066,012,-001,0,
12:04:12,0025,5,0050,0,CLEAR_1,00,2,F,EXPLORER,0,066,012,-001,0,
12:04:13,0025,7,0050,0,CLEAR_1,00,2,F,EXPLORER,0,066,012,-001,0,
12:04:14,0026,0,0050,0,CLEAR_1,00,2,F,EXPLORER,0,066,012,-001,0,
12:04:15,0026,2,0050,0,CLEAR_1,00,2,F,EXPLORER,0,066,012,-001,0,
12:04:16,0026,4,0050,0,CLEAR_1,00,2,F,EXPLORER,0,066,012,-001,0,
12:04:17,0026,6,0050,0,CLEAR_1,00,2,F,EXPLORER,0,066,012,-001,0,
12:04:18,0026,8,0050,0,CLEAR_1,00,2,F,EXPLORER,0,066,012,-001,0,
12:04:19,0027,0,0050,0,CLEAR_1,00,2,F,EXPLORER,0,066,012,-001,0,
12:04:20,0027,2,0050,0,CLEAR_1,00,2,F,EXPLORER,0,066,012,-001,0,
12:04:21,0027,4,0050,0,CLEAR_1,00,2,F,EXPLORER,0,066,012,-001,0,
12:04:22,0027,6,0050,0,CLEAR_1,00,2,F,EXPLORER,0,066,012,-001,0,
12:04:23,0027,8,0050,0,CLEAR_1,00,2,F,EXPLORER,0,066,012,-001,0,
12:04:24,0028,0,0050,0,CLEAR_1,00,2,F,EXPLORER,0,066,012,-001,0,
12:04:25,0028,2,0050,0,CLEAR_1,00,2,F,EXPLORER,0,066,012,-001,0,
12:04:26,0028,4,0050,0,CLEAR_1,00,2,F,EXPLORER,0,066,012,-001,0,
12:04:27,0028,6,0050,0,CLEAR_1,00,2,F,EXPLORER,0,066,012,-001,0,
12:04:28,0028,8,0050,0,CLEAR_1,00,2,F,EXPLORER,0,066,012,-001,0,
12:04:29,0028,9,0050,0,CLEAR_1,00,2,F,EXPLORER,0,066,012,-001,0,
12:04:30,0029,1,0050,0,CLEAR_1,00,2,F,EXPLORER,0,065,012,-001,0,
12:04:31,0029,2,0050,0,CLEAR_1,00,2,F,EXPLORER,0,058,012,-001,0,
12:04:32,0029,3,0050,0,CLEAR_1,00,2,F,EXPLORER,0,052,012,-001,0,
12:04:33,0029,4,0050,0,CLEAR_1,00,2,F,EXPLORER,0,049,012,-001,0,
12:04:34,0029,4,0050,0,CLEAR_1,00,2,F,EXPLORER,0,042,012,-001,0,
12:04:35,0029,2,0050,0,CLEAR_1,00,2,F,EXPLORER,0,036,012,-001,0,
12:04:36,0029,1,0050,0,CLEAR_1,00,2,F,EXPLORER,0,030,012,-001,0,
12:04:37,0028,9,0050,0,CLEAR_1,00,2,F,EXPLORER,0,028,012,-001,0,
12:04:38,0028,7,0050,0,CLEAR_1,00,2,F,EXPLORER,0,025,012,-001,0,
12:04:39,0028,6,0050,0,CLEAR_1,00,2,F,EXPLORER,0,022,012,-001,0,
12:04:40,0028,4,0050,0,CLEAR_1,00,2,F,EXPLORER,0,019,012,-001,0,
12:04:41,0028,1,0050,0,CLEAR_1,00,2,F,EXPLORER,0,016,012,-001,0,
12:04:42,0027,9,0050,0,CLEAR_1,00,2,F,EXPLORER,0,013,012,-001,0,
12:04:43,0027,7,0050,0,CLEAR_1,00,0,F,EXPLORER,0,011,012,-001,0,
12:04:44,0027,4,0050,0,CLEAR_1,00,0,F,EXPLORER,0,000,012,-001,0,
12:04:45,0027,2,0050,0,CLEAR_1,00,0,F,EXPLORER,0,000,012,-001,0,
12:04:46,0027,0,0050,0,CLEAR_1,00,0,F,EXPLORER,0,000,012,-001,0,
12:04:47,0026,7,0050,0,CLEAR_1,00,0,F,EXPLORER,0,000,012,-001,0,
12:04:48,0026,5,0050,0,CLEAR_1,00,0,F,EXPLORER,0,000,012,-001,0,
12:04:49,0026,3,0050,0,CLEAR_1,00,0,F,EXPLORER,0,000,012,-001,0,
12:04:50,0026,1,0050,0,CLEAR_1,00,0,F,EXPLORER,0,000,012,-001,0,
12:04:51,0025,9,0050,0,CLEAR_1,00,0,F,EXPLORER,0,000,012,-001,0,
12:04:52,0025,6,0050,0,CLEAR_1,00,0,F,EXPLORER,0,000,012,-001,0,
12:04:53,0025,4,0050,0,CLEAR_1,00,0,F,EXPLORER,0,000,012,-001,0,
12:04:54,0025,2,0050,0,CLEAR_1,00,0,F,EXPLORER,0,000,012,-001,0,
12:04:55,0025,0,0050,0,CLEAR_1,00,0,F,EXPLORER,0,000,012,-001,0,
12:04:56,0024,8,0050,0,CLEAR_1,00,0,F,EXPLORER,0,000,012,-001,0,
12:04:57,0024,6,0050,0,CLEAR_1,00,0,F,EXPLORER,0,000,012,-001,0,
12:04:58,0024,4,0050,0,CLEAR_1,00,0,F,EXPLORER,0,000,012,-001,0,
12:04:59,0024,2,0050,0,CLEAR_1,00,0,F,EXPLORER,0,000,012,-001,0,
12:05:00,0024,0,0050,0,CLEAR_1,00,0,F,EXPLORER,0,000,012,-001,0,
12:05:01,0023,8,0050,0,CLEAR_1,00,0,F,EXPLORER,0,000,012,-001,0,
12:05:02,0023,6,0050,0,CLEAR_1,00,0,F,EXPLORER,0,000,012,-001,0,
12:05:03,0023,4,0050,0,CLEAR_1,00,0,F,EXPLORER,0,000,012,-001,0,
